<?xml version="1.0" encoding="utf-8" ?><dwsync><file name="libart_lgpl_2.2.dylib" server="www.unco.edu/NHS/mathsci/facstaff/Miller/personal/" local="3572881960" remote="3592997580" Dst="-1" /><file name="libatk-1.0.0.dylib" server="www.unco.edu/NHS/mathsci/facstaff/Miller/personal/" local="3572881960" remote="3592997580" Dst="-1" /><file name="libffi.6.dylib" server="www.unco.edu/NHS/mathsci/facstaff/Miller/personal/" local="3572881960" remote="3592997580" Dst="-1" /><file name="libfontconfig.1.dylib" server="www.unco.edu/NHS/mathsci/facstaff/Miller/personal/" local="3572881960" remote="3592997580" Dst="-1" /><file name="libcairo.2.dylib" server="www.unco.edu/NHS/mathsci/facstaff/Miller/personal/" local="3572881960" remote="3592997580" Dst="-1" /><file name="libgailutil.18.dylib" server="www.unco.edu/NHS/mathsci/facstaff/Miller/personal/" local="3572881960" remote="3592997580" Dst="-1" /><file name="libfreetype.6.dylib" server="www.unco.edu/NHS/mathsci/facstaff/Miller/personal/" local="3572881960" remote="3592997580" Dst="-1" /><file name="libgdk_pixbuf-2.0.0.dylib" server="www.unco.edu/NHS/mathsci/facstaff/Miller/personal/" local="3572881960" remote="3592997580" Dst="-1" /><file name="libgcc_s.1.dylib" server="www.unco.edu/NHS/mathsci/facstaff/Miller/personal/" local="3572881960" remote="3592997580" Dst="-1" /><file name="libgdk-quartz-2.0.0.dylib" server="www.unco.edu/NHS/mathsci/facstaff/Miller/personal/" local="3572881960" remote="3592997580" Dst="-1" /><file name="libgmodule-2.0.0.dylib" server="www.unco.edu/NHS/mathsci/facstaff/Miller/personal/" local="3572881961" remote="3592997580" Dst="-1" /><file name="libgnomecanvas-2.0.dylib" server="www.unco.edu/NHS/mathsci/facstaff/Miller/personal/" local="3572881961" remote="3592997580" Dst="-1" /><file name="libgio-2.0.0.dylib" server="www.unco.edu/NHS/mathsci/facstaff/Miller/personal/" local="3572881960" remote="3592997580" Dst="-1" /><file name="libglib-2.0.0.dylib" server="www.unco.edu/NHS/mathsci/facstaff/Miller/personal/" local="3572881960" remote="3592997580" Dst="-1" /><file name="libgthread-2.0.0.dylib" server="www.unco.edu/NHS/mathsci/facstaff/Miller/personal/" local="3572881961" remote="3592997580" Dst="-1" /><file name="libgobject-2.0.0.dylib" server="www.unco.edu/NHS/mathsci/facstaff/Miller/personal/" local="3572881961" remote="3592997640" Dst="-1" /><file name="libintl.8.dylib" server="www.unco.edu/NHS/mathsci/facstaff/Miller/personal/" local="3572881961" remote="3592997640" Dst="-1" /><file name="libharfbuzz.0.dylib" server="www.unco.edu/NHS/mathsci/facstaff/Miller/personal/" local="3572881961" remote="3592997640" Dst="-1" /><file name="libpango-1.0.0.dylib" server="www.unco.edu/NHS/mathsci/facstaff/Miller/personal/" local="3572881961" remote="3592997640" Dst="-1" /><file name="libpangocairo-1.0.0.dylib" server="www.unco.edu/NHS/mathsci/facstaff/Miller/personal/" local="3572881961" remote="3592997640" Dst="-1" /><file name="libpangoft2-1.0.0.dylib" server="www.unco.edu/NHS/mathsci/facstaff/Miller/personal/" local="3572881961" remote="3592997640" Dst="-1" /><file name="libpcre.1.dylib" server="www.unco.edu/NHS/mathsci/facstaff/Miller/personal/" local="3572881961" remote="3592997640" Dst="-1" /><file name="libpixman-1.0.dylib" server="www.unco.edu/NHS/mathsci/facstaff/Miller/personal/" local="3572881961" remote="3592997640" Dst="-1" /><file name="libpng16.16.dylib" server="www.unco.edu/NHS/mathsci/facstaff/Miller/personal/" local="3572881961" remote="3592997640" Dst="-1" /><file name="libgtk-quartz-2.0.0.dylib" server="www.unco.edu/NHS/mathsci/facstaff/Miller/personal/" local="3572881961" remote="3592997640" Dst="-1" /><file name="libstdc++.6.dylib" server="www.unco.edu/NHS/mathsci/facstaff/Miller/personal/" local="3572881961" remote="3592997640" Dst="-1" /></dwsync>